{"cameraMode":{"drawMode":0,"name":"Shaded","section":"Shading Mode"},"sceneLighting":true,"audioPlay":false,"sceneViewState":{"showFog":true,"showMaterialUpdate":false,"showSkybox":false,"showFlares":true,"showImageEffects":true,"showParticleSystems":true,"showVisualEffectGraphs":true,"m_FxEnabled":true},"in2DMode":false,"pivot":{"x":0.007363319396972656,"y":1.2749998569488526,"z":0.01052236557006836},"rotation":{"x":0.10414376854896546,"y":-0.5342428684234619,"z":0.0665314719080925,"w":0.8362511992454529},"size":12.12435531616211,"orthographic":false}