{"cameraMode":{"drawMode":0,"name":"Shaded","section":"Shading Mode"},"sceneLighting":false,"audioPlay":false,"sceneViewState":{"showFog":true,"showMaterialUpdate":false,"showSkybox":false,"showFlares":true,"showImageEffects":true,"showParticleSystems":true,"showVisualEffectGraphs":true,"m_FxEnabled":true},"in2DMode":false,"pivot":{"x":0.000008046627044677734,"y":0.163059800863266,"z":0.10402202606201172},"rotation":{"x":0.29050686955451968,"y":-0.5751193165779114,"z":0.2289755493402481,"w":0.7296680212020874},"size":0.8787672519683838,"orthographic":false}