{"cameraMode":{"drawMode":0,"name":"Shaded","section":"Shading Mode"},"sceneLighting":true,"audioPlay":false,"sceneViewState":{"showFog":true,"showMaterialUpdate":false,"showSkybox":true,"showFlares":true,"showImageEffects":true,"showParticleSystems":true,"showVisualEffectGraphs":true,"m_FxEnabled":true},"in2DMode":false,"pivot":{"x":-1.5290532112121583,"y":0.49307918548583987,"z":-0.17292940616607667},"rotation":{"x":0.10414376854896546,"y":-0.5342428684234619,"z":0.0665314719080925,"w":0.8362511992454529},"size":2.139794111251831,"orthographic":false}